dataset_name,model_name,test_loss,test_acc,confusion_matrix,history
abnormal_heartbeat,MLP,4.677855968,0.717073143,,"{""loss"": [0.45849764347076416, 0.3600711226463318, 0.037493329495191574, 0.007530031725764275, 0.0023429985158145428, 0.0006750499596819282, 0.00035421017673797905, 0.00030122537282295525, 0.0002244674979010597, 9.380649134982377e-05, 0.0001478547346778214, 0.0001072675731847994, 9.738442167872563e-05, 6.482126627815887e-05, 6.658784695900977e-05, 3.936924258596264e-05, 4.539561996352859e-05, 3.2524178095627576e-05, 2.0428291463758796e-05, 2.4226910682045855e-05, 3.5171047784388065e-05, 2.4607148588984273e-05, 3.011696935573127e-05, 2.22770577238407e-05, 2.2859981982037425e-05, 1.9642995539470576e-05, 1.5817819075891748e-05, 1.9893099306500517e-05, 1.892434011097066e-05, 1.2229575077071786e-05], ""accuracy"": [0.8895705342292786, 0.9141104221343994, 1.0, 1.0, 1.0, 1.0, 1.0, 1.0, 1.0, 1.0, 1.0, 1.0, 1.0, 1.0, 1.0, 1.0, 1.0, 1.0, 1.0, 1.0, 1.0, 1.0, 1.0, 1.0, 1.0, 1.0, 1.0, 1.0, 1.0, 1.0], ""val_loss"": [5.888242244720459, 3.0072715282440186, 6.391268253326416, 8.540287971496582, 9.334146499633789, 9.779515266418457, 10.09550666809082, 10.317005157470703, 10.641822814941406, 10.852821350097656, 11.063697814941406, 11.170675277709961, 11.302762985229492, 11.44180679321289, 11.601759910583496, 11.716472625732422, 11.87848949432373, 11.981033325195312, 12.094676971435547, 12.208524703979492, 12.302184104919434, 12.40676212310791, 12.533252716064453, 12.634683609008789, 12.78076171875, 12.905261993408203, 13.022453308105469, 13.149459838867188, 13.239818572998047, 13.32327938079834], ""val_accuracy"": [0.0, 0.024390242993831635, 0.04878048598766327, 0.04878048598766327, 0.09756097197532654, 0.09756097197532654, 0.09756097197532654, 0.09756097197532654, 0.09756097197532654, 0.09756097197532654, 0.09756097197532654, 0.09756097197532654, 0.09756097197532654, 0.09756097197532654, 0.09756097197532654, 0.09756097197532654, 0.09756097197532654, 0.09756097197532654, 0.09756097197532654, 0.09756097197532654, 0.09756097197532654, 0.09756097197532654, 0.09756097197532654, 0.09756097197532654, 0.09756097197532654, 0.09756097197532654, 0.09756097197532654, 0.09756097197532654, 0.09756097197532654, 0.09756097197532654]}"
dataset_name,model_name,test_loss,test_acc,confusion_matrix,history
