ds_name,length,train_size,test_size,train_classes_distr,test_classes_distr
abnormal_heartbeat,18530,204,205,"{0.0: 0.7303921568627451, 1.0: 0.2696078431372549})"," {0.0: 0.7317073170731707, 1.0: 0.2682926829268293})"
arrow_head,251,36,175," {0.0: 0.3333333333333333, 1.0: 0.3333333333333333, 2.0: 0.3333333333333333})","{0.0: 0.3942857142857143, 1.0: 0.3028571428571429, 2.0: 0.3028571428571429})"
coffee_beans,286,28,28," {0.0: 0.5, 1.0: 0.5})"," {0.0: 0.5357142857142857, 1.0: 0.4642857142857143})"
freezers,301,150,2850," {1.0: 0.5, 2.0: 0.5})"," {1.0: 0.5, 2.0: 0.5})"
pedestrian_count_chinatown,24,20,343,", {1.0: 0.5, 2.0: 0.5})"," {1.0: 0.27405247813411077, 2.0: 0.7259475218658892})"
right_whale_call,4000,10934,1962," {1.0: 0.5, 0.0: 0.5})","{1.0: 0.5, 0.0: 0.5})"
species_of_fruit_fly,5000,17259,17259,"{0.0: 0.17567645865925025, 1.0: 0.29381771829190567, 2.0: 0.5305058230488441})"," {0.0: 0.17567645865925025, 1.0: 0.29381771829190567, 2.0: 0.5305058230488441})"
